epoch,acc,loss,val_acc,val_loss
0,0.25322317723770005,2.269991609918767,0.3908333333333333,1.8914808928171793
